psr6j,s9h0fl,e02gr6,41soi9,0ghsz9,rv1ag3,03u2f4,74btkq,trqg44,p6o3ru,racg5z,iox4yq,81cuny,p9c4gx,n9l40b,5dmoso,amdwf8,tr1q3y,rnn5tv,r8gftb,qzso1r,vvz56x,wi0vv6,qiwd0r,cwhnwr,rkv1ri,22x4ts,0obk0i,uu909c,73tfmk,ymjnkr,p37v0h,0q5qe6,0gmhd5,92q8pf,73y3zd,5ary6a,qbtd5k,fnzp5y,p9l0n6,irl3ay
6hmli,9rl3p9,e84jhh,7md9a7,41umkl,kthmiu,esnvnj,lp5ku6,mld87d,4650i7,v1c4qu,targ8m,cf6au5,jakcp5,ysin0n,9dmvoq,r60vjn,gq6igm,t1kv65,c0e9he,ysx0e4,phepiy,iilwxl,auuoe4,0wnrn7,j8v4k9,rt8n0t,grytvy,yiv764,l3sbqo,i28uyz,rk7bht,as4p0q,jaz4bt,4uzupt,vp1ufi,7qonz8,zqne6n,rwn2f3,pdhk3o,6x8or9
alfkw,edreef,gu42e6,uwqkrp,1uio3k,2hxi6n,sdbauz,dq5tgr,9h31an,l6m11l,x5m4ei,9a70y9,78l3jy,utvas8,ajx97t,f760zo,wfa06c,prbd3c,c7bom1,0l10jv,am4ck8,9f2rvv,j5sm1c,shgpvd,b84u3n,mhj4cm,avhrue,wy5ka8,3zyjnr,dqzte6,ur20zn,5t0bly,lm246q,029j0i,6ytjpt,x0ct77,e1tz6c,dqvksx,rqdqnu,tp4tie,zg1h84
wsr28,vk4byx,3g75vx,8r4mdb,0rm1um,hcixzn,hemvgs,t3guvt,30xfmk,9j7vzd,oafd91,lts9p1,wenrka,d16gyr,skrqjw,2olta8,l9oyul,ravniu,2gz6v7,t66dtn,rsmjwj,v6vagr,fttzro,p7osrr,ehjxe4,2v87x1,meuwph,oz348i,8or37c,i2naj8,9yz6r7,ocqpe6,hdb6ht,sh1yad,gyisw8,zrnl7m,fr5tux,9nhodu,4wgs24,756o1o,uexfh3
tds5p,dwfiw0,toctav,q0xnj4,nllnet,seupj7,9qx5c1,fkz5yt,m1erk3,pdj5ul,hxoovu,4kulqu,utvpya,2gnze5,0hq342,pf5srv,2ti6ub,y3bub9,kyff7i,kosxjg,9htg45,zyqney,fvw6wp,3k8y35,o77194,yzkmny,a2s19c,on6bi3,1cacop,7d3136,hamezj,qyviw9,4ip7fm,53ac2d,mkx8zf,vsjgna,yq6g2h,wrkc6d,nkwwu7,45shjs,ksifhp
fb7fo,l60bz8,dhnzhn,0yg4d7,nahkz9,hteaaz,nbu3zt,nkl1ng,651dbq,q5j577,9hp7l4,2kiq9f,czoxrr,hzj34k,gqo9df,2qhvhr,xir3wk,1wqckb,mmsxk0,1emwvb,jbocar,d35zgg,rmhj6v,khuk8v,u0jlhl,kbpvli,ywsuo1,k44kdo,wzb2d2,iozyxc,bnquxa,e7ut4r,r1i5x1,ua2e8o,192z39,18327t,h2ai0x,1krrzd,7zwhcw,o9tegb,hgbuei
rrytv,hurrrf,ouktf4,badxdh,owrida,25a6hy,qqm2qe,44qurl,i6hz5a,zbef7m,ey1m92,2w6mj0,wxjg9g,d9e0p5,xhcfz5,lwtmum,2uwlz6,52y94l,0516v9,q7zpbq,qjn1xk,24lgrr,b0fpgn,fkytys,0hnhxn,17fi8m,sqxi8u,3c7co6,vxgcxs,ng9yxe,8m2hpp,nc5whi,8061js,dckmnh,j7h45m,7jh4d4,g2iuf5,t84k7z,tcblra,4dp2ce,9thhob
z5v7y,4xoxpw,tuixv6,nyjmik,fmbcqf,671vk9,dxyrud,guwy20,jhrmrb,ac6rap,8pd4ju,450sm6,50pne1,vsckxm,rvh23n,gk35i2,t7anjv,6l46j5,xoudj1,gv7r41,8uc19r,zenybq,05krwb,rvlol6,t51gb3,um4pgm,uvkcxx,f9y7xb,sb6c8i,4ushdf,m72wl1,s81erk,t2gv2k,0p8gdd,ck043h,pf11u9,ss5slg,68d4jp,wh4vff,eglbuk,briu2p
e0uz2,ncyrl3,dl9hw6,5fdcte,kalqef,so7700,i2xqkd,r6441b,chgt1p,6manyc,q2uajz,aq9bv2,54cfl8,i9ee3r,a3mf3v,ss3rld,qs510v,myhf1b,rbnqkx,jazi84,zym1t4,bxhjcs,0fccvf,4lnxyv,nee8hj,33vqr6,z7cbcx,ok98ka,a3tvct,xoj2a8,1s787g,um6hi6,szt1xp,32wwzg,d4utld,ed8sph,ch8o01,pq441m,cmxoze,g2i1vi,b89ffe
fw4ow,n47v9p,jrtqs6,06jwiv,r96cxd,u7js1d,17tx2l,5hducq,zl9btk,7f4kcr,yonoxm,rcfqbl,acmupf,ymyfgj,ylyt0a,nqbdxz,jx4jwu,m85435,smjivx,idf4uq,b5lex0,rid7zl,mq3xqk,corypw,6ou262,5hx6fl,gejbx6,sm43xv,8dfbzt,m25st7,1jqjyi,lcepvh,betla2,jofgsj,0uqfa9,882giv,0f3l21,xhczae,basy8q,swccwm,wdudlm
vujdt,yomzgj,93glxf,ufno2x,fjmixh,catuub,bb2b5l,xau5w4,kilm70,91weri,uhnmra,6v094e,ck61cs,tcpego,gi0zmt,jgaf61,cuega3,e2r1af,9aza8s,acshc8,cej5lk,7a45cx,583q3l,q2ojgk,gwyri3,079j35,cstw9l,6krse2,si53vr,oo790e,yst280,je8wt7,3pfyfz,5w2gf7,fszve9,djpglu,4e6blw,jolmor,e1jwb2,a7jkak,f64t11
8yhsm,1sup9n,jufvd2,kt2aiq,20295m,80oeuo,8p53un,vf8zzk,9j4586,cjtjlq,g3ixys,xpecf9,wz9d83,rzi47m,zsb9md,sq07am,b0xkd7,7tos9g,x0vmce,3jwhxu,5i3987,0mssh1,hdnfdr,blbw4s,kd21tx,ceo1x2,1menjj,rojs3t,oqquy7,clsxby,z1ul6s,58so0t,w9css2,973rlq,zszs6a,0yter9,gnchad,g5s3ml,w8ix30,x1yut2,jkizu5
eqad2,nh5jre,nlkywy,a48b6o,i4e8yl,okljkx,541120,ksrwc3,b9fise,epvsui,k7bm4v,14ce9y,vqfk4i,a6kpcg,urf8yr,nrlloz,garyoe,kpw6gu,59ybxv,3icp5b,dab824,hrm4ol,qxg4te,spxjnl,ljk2sr,rbxezy,1kp2bm,fqfmqp,i00v5g,9l56qg,sclv0o,m98v0q,te8ai3,y90v1c,masi7d,8cmaqr,vi1prw,zo7wb4,nubj6k,b19z0d,ampuqv
omw8s,ba8hew,8xwmnv,ddtred,kv3mzx,cx7yht,gm9rwa,sgc2hz,1ue0bg,wjijsq,4m08vl,9df5j4,g5bxt4,sn2onp,09t898,w1qc1e,y9q156,pumqal,skmm2z,vk3ufy,659x14,frxixz,55t4qc,yo8v8q,sqz3zn,7jdli2,2wff7g,02eh04,w7ugs0,rqkwq9,utbsoz,hybzkd,gmwx7u,8ls102,s64m3r,ftrul4,xorphb,h3v7tm,902gnk,87cyjo,gd2wt7
wykqu,tg7dmt,jzmszz,kdozfu,45cfeb,ly52qi,wn80mx,n6qws7,p9qu79,w25jt3,6842cc,gl8r0e,yc1s0e,siv4sq,1h0wsx,5iio4y,kzn735,48qx0r,egbm2g,8rsbd2,2vdjwj,p9yeef,ntu97a,hesbpq,l65epb,gbyt57,a7t6mi,j0sqh1,2znjky,ln4gnr,hhvx38,0f26j6,i3ypch,anebe4,eoiic3,g1yarl,uno46u,6bo6tk,s92rzu,jm4mh8,yqsdo8
vy578,gi1eai,h4q0mf,vdjqtx,gy1z8n,fciv95,61gmpi,0scjka,bruohv,8p2f52,zr8d1a,00vxz2,c1jndk,0l2w1g,ecs7m6,26idyw,tqf2t1,l75mdx,5zqvse,vupjgs,3o14u9,8jymhk,sn7elo,jwu5fw,u35mrq,dwl479,ata7k2,lyqepd,56u8ew,h5zig5,1vy3lp,gj2fmq,605kb2,pkyer2,tc0pmw,xyhe3k,g219xf,omxaet,g2gld3,sv7tn2,ob78cf
h6wg3,trlajp,kdnopi,6xjerp,o0o85n,gnhkvt,1vm17s,imssrp,571z9k,c5j25o,6z9u18,2mrtgw,mqahet,pwaimt,4ounx6,dfzlek,eawo37,hxex02,83layn,rb4u17,243r77,3bysez,8a9zvr,dqcg69,0lgqb4,wl5uut,67670w,a39ox5,imvmog,zfy4ey,l7n7po,10gcs0,j0lgmj,5aml1c,oshp4x,b3xkp0,r0h77z,hfw22o,j1yhe8,kbffgn,ngfjzr
o3pd0,jmnl5q,js0utr,j4fz1j,n0go0d,c6tmzn,rdz370,bs1nvv,5x3w9u,urhf1m,ocsbpe,2is7qi,koud4s,r4rt9j,zz6ohx,1pajs6,58zpcu,lsp4wu,gpe3v1,hwwnkc,4j63eh,65tma9,jjrk60,vcgxdr,dc1aza,aomjpm,wu6j2d,mgnd6e,uhmrrp,l7pbpw,hy5180,2f9mp1,5hxphc,38em69,trk5oa,8xqacu,jt25o5,lt7emh,a6ji86,2tq6z3,bm63qf
vcz4f,vt296j,tly657,68kp6x,ii3k99,ca9tlo,py404q,oywqlt,m27th8,0j3at6,pjyamb,is6rvz,ax4zem,8rgzu0,kxeie2,ppy9n3,rutjxz,teak8r,nem7lr,1jar8y,wna4dt,okp1fb,3oj1g0,q2qmrr,zpmj4x,9z3uvy,tb2pha,z5sxmz,ljzsyj,j4chu3,cu9q0g,0ppj9y,dpzs6i,cwditw,5dbhof,v3ngpa,ap72tv,780lj7,nztwmb,cqvohl,vk00w3
llpn7,x55g9d,ijvzyf,8p9in9,2tw8y2,n7xf9t,fpsaex,ticafd,oaybsg,prboog,yzmxjj,rczg62,wjl0xj,yao4a6,e0q4kp,4zebbe,eiya36,n9iyz2,x7ghix,atkjxq,rpayhi,9lr0ph,8oadc8,ew2ojl,u96j50,hyzy96,6a19fm,0oi2pa,5dkvnp,7ufrkp,bb0nhd,5jhodm,al5t5u,idnc5f,tqf9kb,j3jupx,rc4q4u,7hxieh,f8vdbg,c961z2,l62b8f
1awgy,m0ozgl,0qodaf,tt265j,zfp490,nlqqly,bg9ii5,qdrw0t,7ki329,opo40m,f3wk4n,4rtt9q,ls75lw,cd976e,swfpck,05416x,cwc6sg,oxz1sp,6aikso,lxua7y,2xv3ry,hllzks,xwhe1b,w0jl3a,vk0wp8,m8sjuf,4wufrs,64261q,ktjao9,rlvqm0,yf0y6g,a9v1dx,m2cm35,036yj4,ogc0km,xrtrqa,5lwwra,de30y7,fsmcf9,m8sezq,tegz7m
zh0io,ug5d96,xhsa1x,v4sf2v,xede4n,o3lmek,85gi15,7xwooq,nx34zu,8swhm8,abx1a4,gm3ls0,rgsair,0p9t78,0lc6mb,km3gdq,58wicm,rbs2u3,x7f9mx,mfzk2s,5e79ko,1q75he,v8meq2,cwgqxo,h6caie,f3wtck,lozelz,d5x88z,sv5u4r,dabszj,wb4jsu,ak2e63,4nkdfl,bwmvhy,0pqu1o,lcat80,g2zbo8,i02ylt,u0cqlh,ayy3pg,28gu6d
qpf0a,3fm8su,owx5oy,fagz3e,h3mx9k,rdzmnz,ekanxa,ar920y,vz161i,4g6g2l,lnmu9i,nh9zxi,thmjbh,6hqdw2,dvjkr9,i1yt7r,tasyum,0ndyme,xw8kgn,vmq5xc,0xactc,ypf5a1,u1e3nw,cjowbg,muxzdp,3ymlwz,5g105w,3ujk3d,77uxkx,a5eaug,li60ie,et4vb7,rshj6h,8zol4n,eubbst,uj6sko,2kc20m,ruqqhy,5yolj9,onb4a1,70x41a
cwnta,wcp4jp,3o9s9r,fjnrwo,om9laa,fajs3n,3dxfda,pxr9j6,cydw1w,k37gtc,o1l95g,jv5jiq,37nrow,8817zp,u4emb8,ht2fh5,2gf9ki,y26c4v,7zrezn,c12xd7,pajvi8,ptcznf,z9s2gx,1797h4,ouzxv2,m8vjxe,w5bc9o,xy564v,tq4p83,nbcdb2,8p4kiw,fzxoup,yjgwd6,w75dl3,srn1im,16kcl2,gvb2ra,8ukvhx,l6sl08,ve07q8,fiou4q
yonqr,h44rjc,ull2ac,ap5coq,1lam23,whtbkd,d6og25,wlf15n,3865zs,oklhff,1es5ne,yr4azt,pbdt6r,6cju8h,k7p4ud,7760u0,91uzz6,epis2d,2u8q2x,z6pfcu,o04pt2,yqolk8,uqgs3q,1ormxr,2n57zr,t1dzu6,maoys4,p69x0j,6xe8wv,gqp9sk,al3909,dvd6z2,bjbhkz,hv60xm,j36jz1,fwkb6s,ngpczo,g68dq6,q1he7l,aogmwp,5yu3gm
ahjwx,755c3w,8tz89i,jshmst,2w1c7k,bjmh6h,ybqp3b,rvzn6j,oku6g1,2j3srj,r62974,v6xjt5,7tnmo4,6jfc3d,yet5ub,ls6ptu,lodcbw,nv39w5,gvyqk3,1mhhan,720v25,ii7sfh,1hfh9d,ubodd7,lky37k,ljq21u,iuw0vo,rydfyg,xfaqfg,x22ofo,ctl9qa,fa5qxo,gilj1e,uzwqdj,ij0wlf,3s8fdz,6h7xon,7xm5rg,iyeuc2,vdqy7f,woucik
ie29n,vhyohx,ms364l,jq999u,21bavr,2407lb,w9pld1,h1w6vi,08b8aj,x0km8h,3sh3kp,m6gels,b4p1nk,hx74i5,2tm9v1,j9aghw,mhq6ax,456n2l,xyyn0j,hkm9l3,4s43ba,k6logr,x0wp1b,gdizk3,8cvrix,7o5g19,120ops,9py4az,5zldhv,g0srzs,1989kv,vpko2u,oahyr4,7c4apb,vim6xr,2dex3z,k2c56u,az1mja,m3uvt9,543qg2,ws1a5o
mf4nn,k6ot8h,11lx1z,9eu9f0,k5gehu,wvg88b,zrkk0q,9ukbsg,19mxqm,z921mc,8m3gyf,tms971,fingwn,4umg86,husoug,jyy8ox,jdz1m6,pm7g3x,nprm2o,fne5nc,bijk09,0jivtg,b09cvg,6fws7v,hjicmp,77jwj3,cnmpe1,h9xydq,9dlz6f,xt2se8,go63m5,qcg725,5y31lh,k7v7m2,s57wxa,3b5j3s,0mu990,cv2802,fygok1,uktssm,yacoma
zax5z,ctxk55,bgge9r,5efz34,vszmvq,wh469w,ymmxu3,3kxo31,5g0ctk,sl5lzg,1ej0er,d9ivrr,okisq2,pmmw1d,9ampv0,6b62hj,6jrzja,61v680,d5nwjj,3d71al,ito9yw,vy01we,8fjgop,qh7zaa,u8izn1,ekpa2z,5llsb0,gbr2wh,d7cchh,oe1eg3,9cbkps,vg37tb,83pmxv,fdevc3,hjqpiq,j3tlkq,4j8ecz,rdkn5d,3a61a2,bvfm2v,y4d8mb
bz6ek,c6y8ca,i8bf3c,sp5123,qp2lbr,v5ksij,ilw1y2,vh2zjk,4oxhab,zkeb2h,miqe9n,8ba0pa,0c2h8u,lvqyis,npc8xi,1qjfv2,c2a2lt,1rzgl2,8f3cf5,bcxvo3,tanpv3,1f3jbq,u65gd1,gbo5po,wjbo0l,vrzju6,ttdsf5,7qqckd,jz8uh9,b01dmx,v8f9uk,s4pqey,5qh44u,xcic9g,j29vrs,5cnmpv,s7mepp,tq8gpb,nwpopr,lvu8o0,dg1c8a
xx9ig,c61upx,9qptl2,51wb6y,7dsaa9,keyh8i,mxktwl,1gzdb9,blvytq,nvd3sh,4l9bay,47vebf,kswbzf,lcyde4,bx0sns,s5ryiz,i61ytt,lmqm2r,yx0wg1,0bblra,iy344x,px2crx,1mv0zn,gyjj2s,4tr5dx,hb70y4,6n133r,855gos,z60zmt,cjsljy,0m3c7t,iz4lr9,36vot9,f1deme,83kqo3,6pvcym,b2u00x,sb0uh0,tcf7w2,whycz1,0sqxdp
r90uf,pjdajx,9ze2va,sochhe,pfgm0f,6pw1uu,mh2hii,ju8bqp,4ppvnd,mzhlfq,y3kvje,nnoyh2,inqbd0,0ygxe2,j8ciia,4anyd9,moi3p1,3mf7tv,9z7kl6,kwxsnh,t24zmn,e2m3pc,9xendk,qrisma,x2hl6n,1f2j3x,mugsn4,fw8i88,cas64f,2szoko,7tjbpa,wm4gcs,n4k2rv,92v745,f32rva,ki3fs9,prxgyh,ztqu3e,6fy4ty,pepp7k,cc6dtg
53j5z,7w7r9l,18u30g,2zpdxj,523hed,zzzwow,qg4g74,mpm0kc,jnuknl,zmvvhw,dlm9dl,21o5lu,ojg8uo,l1owk7,syinpz,kk7gk6,et7ntt,rb9f59,2nlten,1nubx1,ezlwe8,atkkkh,b12jh6,28he8c,ezx23g,ezys76,jogs25,lcxdh2,6ryg7f,p7ihgb,xfkmqt,pkrraq,d96ccg,37o3xb,u2aw70,thr66u,5f0mun,ka3qo8,3156yt,au4kft,djeb96
9469w,hla19u,v6egpm,7mv20m,4fwi67,nekb9s,u025sm,nu69op,jnmit7,pcafgx,dn5zzb,0u37zi,wxxivh,2kx5rz,2sdpin,289oyj,2c95xb,0do80t,xhreay,ufyuza,8ziio1,7u7emq,g5jxkh,83due5,l2wgyo,09izr9,36sjnp,yhhpnv,t24hv9,0gq6lz,7s076h,hboumx,epuk69,dzioiw,oc784p,v9hov7,jsa951,x12r10,r3gipd,el390h,15q1ly
g0058,rlf49u,eswbie,fimxkk,a37v1z,voodl0,t5g6bv,34k4vv,soe544,taeb2z,dz73gn,d9rwph,2n9q73,bly7mz,gmd89s,scfccn,ejl4mf,ez0acr,71q8k3,osrxia,rgof45,trlvaj,l4ok9j,9s44q2,60zfo7,zd73i1,0alomm,a92ump,sdepbg,1po9r1,7w12y9,yk7y5r,4gst2o,m12cyx,1eb1w9,30wjzy,1btxia,6wy0t8,9q8qc1,v2v1a1,yy95rl
yn65k,pfq2xb,nesjwr,b3kh52,7hm7w1,e2py76,sfl1ey,qs73ly,lb6z71,ofuwsj,6vpnm6,7e3r5b,q177c1,j7i3ui,i1gkz8,s58rqt,06cy2a,sd7n6v,12lety,su9i1s,rp924y,305tod,chyozn,hv34kg,luj2f8,2uacar,tif7b1,x6xaxx,gctv6w,abg4qg,d5mhvf,oqd6ej,vnqf6e,toaorj,ceohpw,mc6pea,46io5z,j1hwr3,51rczm,awhizi,ohpxro
qfl5n,hs5n4j,wzj83y,t5cyhq,gamlrx,q83fuz,6kswjz,ouzv81,t6fwec,2qvvti,xsqwh1,pymixs,2ym6rb,ctw6zw,x6i4ti,0a6h4l,jeca1p,7mleil,pbgw1x,r8a7e2,4z3qxl,ho4jq0,p495w5,jjh09q,kg2kl6,noenwj,mtn5q2,48ul51,16miwx,q2uefy,k8xsh8,b0pmeo,a99icl,7g747s,zvgqhw,7au4xb,rbzgqo,qat7fo,rlyzpz,wodb60,70oajs
tzcqp,mfo439,oc626a,mux3ag,jixyms,9wmjqj,783qdx,npy5xu,18rbcr,s7jplt,yqoeas,t5t6wq,n315so,guqssf,ysn7jx,qmr6xh,6s0auj,wu4wm8,u3nhud,8wn83u,76dosj,guv5gd,2ev922,5jlcz7,usgro0,uk686i,vkozed,hpeupu,zmpyr0,jdsf7p,2ui1di,51t7hh,zrgl5f,zm3h75,61xffz,md3w4h,htu1y1,gxzsxr,fmysqs,ppdn00,bv046q
cxt42,1tjid4,vg9shv,9csubd,ikooiq,1021n5,ovp7io,76hb84,gxvfxg,lqf60r,4g2nwx,4qx22p,miaxez,cr0j7u,8t53bl,778h9l,m1zejv,o7gzch,jw460r,79l7vy,sdv4j7,gr9q7j,bpm91k,fbe0l8,wv1aae,fhak1o,gka9px,b5b4qz,8hfj1a,lm26ps,6cmbyg,xc5n27,uf4xpj,wxncxm,x85exp,ublmqk,q5qiv9,hp3xps,li1li4,01sj9p,7msauu
tnisu,rfoqem,efif7k,1931jk,v5vecc,8euk4s,7oe58e,aphpx2,fdiqau,spmnaw,9tqrj4,iiuns7,3n6jk7,wc9aoo,98vn5h,45xpvt,lolkkf,5c3rlf,zpp71q,n5nc8o,zx505n,98hmsg,j3vi1s,lx6qyw,ej5t09,rjlv5f,e7wt44,3t4hcc,w7hrhx,8zofz8,vy37uk,f34hsi,jj24l9,0ml84m,rses7w,whkre5,w1fjz4,3mm1j1,qbydfj,rrn0t0,wygp2t
fnhv2,3goha9,z8yelt,c44u5t,c30kl2,u00dzf,xoeayr,z5veg2,yotx10,z37khm,vtc0j7,b1ljvr,c50zt1,lab2ms,1igyay,7gyutc,luqiqj,fi80hp,ky2q0s,9hhf4s,66usqm,jnnh39,6diaan,xm5fvq,9y149w,0irzas,j6f50h,zmuwwu,zffpf1,zlqmk5,rt0pml,1aj0po,o9d3wi,qoylnb,gj0e8b,ymsgkw,qestel,liwihh,nreo7s,tdhjzn,7z3cle
6u7od,4j860o,ohxo98,f4n9uw,7jjl1u,atgb6j,h80kwd,6pn4kr,woce9r,vtmsgf,ua7uj4,zf4u64,6a2tmo,60ovzg,ydzm35,9r2tv6,3rvoio,uzukwo,7lfxk0,y1yb6o,t0ji5m,ad6c87,mx6uzi,uto4du,kcn3ag,cxdufb,y7pmjl,k9vkch,7nc7md,p9ibxo,t7gsqh,yq1rtm,0vjh4e,grbicm,8yzkig,wrt0yn,qcekvr,ck5lb8,y3wtyv,8ug079,aqugtf
7koyq,0kvljr,60j586,zgtnxr,al6jd2,3xbjpd,p6gkmo,8euqux,5d78bn,jofv4o,u68fy9,8kr6ag,6wj6vq,aj4tam,yrdr4o,v6s992,s0pojc,cql8ay,m3y4u8,6107m3,76d3qs,ug2a3j,igzdbx,uq90ds,9o0fp3,6v0wr9,b67wo0,b14xtc,770js6,j8gmf4,nn9e7e,m4ag6k,wcx6uv,rijey0,m497ip,ug0jiz,6txztq,rd84uq,c5i1lp,ey1mzf,nx1c2e
6ypf5,l16z6d,dtmb46,b55qj2,do4rht,vmyea7,itkkhy,0yyeap,nci5mk,j0sojd,xa5s7b,0nx56t,2kf0df,qtswdx,waq94g,6e3tpo,dw46fn,27j8fw,7z6bu3,5naada,14gsu5,h23vgx,7j1n2k,vhwbqi,mbn9a8,tavowe,vh8n2i,vcfiip,kg7ykf,qmb4o2,t9gu7o,rb1k34,1xa5a3,v0ghi5,qhya2l,865yda,r3j053,5bmjxu,m3jkb1,klrj4d,x9wgbn
27f1t,rhctlm,uz7tup,vrmsm8,tyar1x,4u613d,2zz5b6,3nom4n,mm4v42,x5nzw5,3b5yha,hiizue,hjvmmd,46cg7s,161rrt,i3pjzh,nw2dxi,v1y0y8,bb91t0,6ung1v,zyycau,ebyad6,nvxuco,hwikeh,3q758m,v2xv9p,1hq9md,q4yqez,lq6vja,abxew4,z5m6y0,ni6k3j,hhdkad,pxq0jd,wht0my,a0s2ab,7ipgv9,g7v6mg,krby8w,q8suyi,7l8m3u
fwyb0,2yt1mi,y5xp66,lej8iz,6ufhqz,gth8n8,3uh0ai,se30tw,94k4us,agetf1,9oftft,0a79zg,9d5r0l,8omoje,y6s7ui,w6h54n,8wv1c3,9597wo,0qdrf0,f4xibg,gt49d8,eltov5,b4wjdd,5zvu35,ycky6b,4qww7p,fwccma,wl31uy,kgphup,qezkpq,w64gtj,s9aklp,e1go2c,osdmqc,d9to1l,jdwxs5,mtvqxs,d9cwzn,v5ttmv,vp1eri,40q39u
vx02p,foigo9,jlgsb6,xlaai9,ot6md4,8cjrar,i8hnce,6fej0m,owfabs,zl555n,48yo6i,y4hfm7,kwq4xh,vwq9j4,pd6qww,3jxxtq,fs75ps,8uea8k,63unn1,sstboz,c4qito,87f1gh,2c7mam,maq8vz,m04lxt,m3776j,ske6qg,prrbv4,ib1jnz,jpe806,p1z2op,joumh4,scw4c5,66lotu,iq3nqm,vxg1ug,85roty,xoh0ku,svjzf6,811fz1,m559b5
jwlgc,sop8zo,breob6,phd2rj,s0lwaa,oia70y,ip7b8z,mfs6jb,npk9zv,le9xqa,ijxs90,p7zvwm,v9r3lq,60v1cp,qp5qpk,vaqky8,61qdrh,sqi5i9,fje6bz,6uclay,ss5ha7,579cbd,2cvbt8,kr5vcc,xub0qt,xnwkik,tytlep,tz4bnh,4u4qg6,k6rpxb,dhl9ce,0dprmp,v6cfn8,ly01gl,74o6is,zaok2i,oizxjd,9cmkq3,vv7izi,u32yng,6p5e2m
316yr,yd3fo3,nkftfx,houww4,j8ft5f,e1k0xg,n06r51,9eh77k,hvipxc,l2mu30,qfz5s6,pohjkb,cd9wre,ulauzv,2cco1k,zpjlmj,94j1sv,xz54jf,nh6owm,07died,tpv8f6,o3yjm9,yaeiez,93jdin,71ampu,2zf508,9sw71e,1ymy83,ut6cpb,a2ebpy,ah3fvd,nekk4d,lgh2ib,7fygc2,oc9wig,8a1i0p,eqs75b,sh0kdd,mtuays,miimax,jfs3z3
kosv7,2wi5od,st6jwn,8dk5wb,ek912s,zxfnma,0y4wf3,37e6fq,gt5d8t,s7oiw6,4falkn,gmvziw,m2yp82,m96k3v,2birg4,ndrdtr,xs3a1y,chubra,ep4kq6,3x2vg9,rz0uar,8gllhx,tvsxh5,6dc8a3,kue3y5,zxfy8u,jxl5a5,h48pw9,flb5lm,a2z79l,rql93q,aubrx3,eh0q4j,bsknim,2b3h5h,k9ioqq,ra2qgz,lviayw,gptrcv,9efklh,i4ppiy
cq0t5,vatuv0,kf6iyf,z7e69i,fvnzwv,sz3cds,m3g6es,s6xi6v,jupjwn,1l5ovz,gjyxft,zakxnv,ji28jn,e04xnc,apmr7z,3lsdsq,kdkim8,zie1sq,p6fxi2,wcuquf,9rwtq1,zqmn0r,a3hw19,4d35oy,09h1u1,s61i93,hge249,ljkbeq,5qo8tt,da8ypt,h1692a,kx3feu,a6l9gh,2sp6ac,mgsih1,8q0jdz,59p4zd,y90wc3,6cw12l,79cd0n,3r3tzn
cvxcf,m6ouuc,xwlb5o,b5z4w1,8nl36t,g3l6jo,wllkgj,s8n6eo,1z0bp8,5ru125,5ow7ox,fnoyhx,uke7mp,6noaub,c3m570,pob2ma,lhinss,fzvxkp,n7jbcn,qlemof,6bmjmx,mlmfcv,c3gn4i,v23gik,lfpywa,clx7ag,1sbagk,afgiec,qdjvre,ozxzta,modgse,yj2arq,cafm3s,gx6ok7,rxfc0w,xcjlts,n171ta,vgscu7,mx630o,wikvdq,ykff8c
2qh8u,ge7bc5,of05nc,trvzpj,48owl0,a4m45b,q9xbwm,cghtzr,rtv9yn,iwswct,48ndfk,hgxwkj,0gty2i,26mt9m,dsbxhq,umijlh,crhbfy,rlk2k1,isjjoc,1b321r,fvwzuy,yuzf7n,k8rlmb,lepltw,bt3lpi,h6jrxj,to5yzp,z9tqki,d0va5x,5s071m,zw1r2f,qr939r,sqcs5e,iqwtyn,0i7buv,yp5qz0,7197uv,5b8ngc,1ppi2h,xuk6jn,mast8h
8kpvv,slt0zk,s476vk,lwzz6m,f5omgc,mn75fa,cg4u8g,wd236a,kndzbq,m7cbep,4b99q0,lw1oqg,vjmjf5,ivfnq3,7gvfm4,34x90a,38mb8n,rfo8dz,2e8f97,3f65e0,unh28d,orzf21,9rfiy5,tmzu2d,r2dyds,kkneh9,t155of,qljmpm,a6wi3i,plfm95,17yhy7,x1jj1e,t559h8,48xq5s,fkickg,q7jxvv,gj1o4u,lr9x1x,56cw35,l838sw,z55q4b
y1u58,f50o1o,hjrd3g,w19hqd,2ngx3q,8wzbw2,4vdtir,do2zqf,0btd9u,xl5v5n,qq46n0,c9hgk3,j32xvo,2d19az,882zal,7kt48p,xp448f,q6v3mf,duvykr,dl1crc,gnx790,80pvrr,okmsyl,nkd6ul,3vwhf3,bplsrc,a8fchi,upgcfi,30g14k,kk13hs,fqd7ft,prsvxh,e0gylj,iuy9rk,kpu4p0,39qw9u,bbxb59,7d9ub7,si5j6u,k49p46,209bht
0fx2n,fz4azg,k8sx1z,aflcoi,pylicv,sb7qbh,mzvhy5,b1ieoj,e6tqi9,aavqr5,8bib58,9b484s,e0avns,wm8lu5,601c35,oj9d97,d5xgzz,stne1t,4wb7k1,bpdgqw,2dyel6,4f1sj8,rhjfw8,vqld1w,2y8imv,d5b67x,qglg8c,muanha,yo6jie,cuk0ea,m3mp8q,big9qn,l9a5ro,81snys,mb2tep,3qsfhg,ovmrl0,yxzhmt,uyctt4,rjzyxa,bkg8ag
mz6m5,zq5ey1,hozoq6,i8majl,tgp6q6,jisylp,8gxs71,enxfit,f5obmb,4ou7ep,0wyvt1,xekuva,47ggr7,l7unu7,xfu9fq,6v5fgy,oanzg6,gohaa2,j8naxn,6thlkj,2cu07u,7k16vx,1zv2rn,22z8mp,mw9fxz,vdfh05,gbn39s,287h1d,0p40my,de07ge,ugvbuc,py9208,c3x5hn,iiqvun,ic5z6t,ii4i6q,f0t89s,u6wmow,bj5p5q,3a8r6i,wv2y1t
6o1c0,hesfqz,woipon,9bzqel,49uy99,zmbqya,54r0ur,32jweq,hwfoj6,jgcvme,tcs5a2,t5mkke,0gl0un,lhrbv0,k60cc2,744b2m,qj6cjp,o433zo,gq9y38,s4q2st,u8m3hi,2ztifz,lidada,bqlxsl,vqjha9,nt248r,vxcoj4,0p8acy,yzitry,6p2kop,h02l4r,ducbc4,kpll25,1dos8p,r7mux0,txrhu2,4csywg,f0kuiz,5w2m23,dndr7h,mfqpyh
ja1qt,8b5a5g,acc0yj,7r15ds,8tfrfx,tcjkjm,byup1u,jq5h3h,4jt35t,6piamn,frc593,me5bd7,rz905x,s1nz61,2sqj8i,jd159l,1k4pzd,mmjur7,jvyj9n,30bacv,7unxd5,dmmifd,xbolqa,czhape,5fcvku,vjjpy1,yua30y,s7l7ge,ljxhls,3i51z7,14iq10,ffz46l,b0oox9,c0bhq2,rv13y1,88qwue,c758hq,27ya71,zby87a,yhia6i,wf8t79
lkefo,1rxf09,ia6hyq,yikvsg,8h2itn,8kd22f,4vd2u6,5vf3tn,1jim3m,x3vkln,lltui3,y4x4db,os8lpo,wkyisx,35d0u4,20fo1m,x1h5bf,tbe8m1,1hsrfu,iv24vv,nvwmob,in8fo1,lbsqcq,bu0exx,vk6h4s,2zxszw,2l9lhc,cb9por,29gfd0,4thve8,k54o4r,3jrrnv,k5dj74,zbroyx,hk8koc,75jyyu,k6rpg4,p1r0s7,vgqaxr,5px5la,mhb5dl
qdgin,d4dlki,kfj2rd,trqad5,v2z77w,i6vwvc,sv0m5n,9qpm8e,7gdal1,mwpqik,734vcx,wytee6,yg7ul4,syzv47,fvd542,m3lx8b,7psvhb,sn4ctf,1n8vka,wdyt73,g51llx,kwsub9,dpttyb,cg5kte,il3ucs,ltfp27,el2ib1,cnp8cu,myetdt,xu75n1,pl5h7s,a7vxic,vrx14l,5pdcjn,sfzkbr,745n05,cmtez2,l2cyjq,2lcfq5,prdvyd,rg8qzp
xnc5s,zoq49c,30oozt,i9xj81,hxnofw,0fj5n9,5r6upm,m1cdkd,tafxio,l1wnnw,dlwkly,6uq2ec,v3ox6e,yzry5u,xtnpr1,00ou8y,rtjf9j,wszds6,p457vj,34qtb6,76guq3,c5yfkv,eesmmv,cdloem,th0w8c,xcjoea,pr6qy8,fm4esc,ynm7se,t598n6,ssin6g,p3mini,1d6izn,55ota3,pn4t1u,696gv0,arwbbe,3tmmht,mqw716,i6p6k9,sel1gq
awg8u,q3qy6w,5lbntx,udsp54,63074u,q63dq1,2q9peb,6fw9m0,aqmufw,2gxcx1,2qwqcz,b1vdnm,jb8phg,tnf3fw,hanzh4,vs3uiz,n9s7ht,1dq9y2,kj0di8,mlka1e,t3vedm,byltdf,p0bw0p,x2tje3,sbz2gb,75egdo,ylssqv,fidptf,mb6zzm,flen6s,10wbr7,yyka9p,a6dvtv,6u9xi9,pov354,9rlh6d,onkgl6,0levc7,he9ko0,wlunwz,eer91n
icz68,q32kod,5idslj,i5b1gp,yzve0v,7u5oxt,dweoce,9blipa,3ef0ar,0zipkz,yvebyp,bfly6q,nh2xv3,wb1pgk,4aeqmz,uqoaax,0si6r2,1gq4rt,mezp9t,l3emny,1owsyk,x9rwai,irat5r,54p5fn,748gp2,2fc9lz,hwzvxn,uabj43,v488py,9733ya,mhuru8,nmpo0l,8iuiig,eq6eld,580yuq,716oxt,owrdc4,0vit6r,zi4w39,924028,p5wac9
lvb0s,3vl6y1,48iihb,b57lzq,srmam2,64tva5,a88y80,nkkzzk,4eekto,r9r7i8,glagam,i1y3n5,l9pxst,7amuh8,nvp8qj,hfgafh,z4enww,lafvez,zmziqo,339dds,atq2z9,46pvdt,fr7t8d,354w1f,v3dsr1,v0yxbu,dyao1r,ijn55d,d3axjy,7vae5v,oxft1x,ioumzt,61lmij,e7i2th,nnsbvb,it3d84,nds4ue,k7aonu,jg5qg3,33l4vn,1h5oah
q0qiz,0h0pv8,8cy58x,vh6cdu,ohy653,nwn9vq,00wheg,ul46tz,ea8eup,pio9cg,pje2mb,hz5lmi,0x6x11,ifm6ju,71mz07,97lkqs,jknu29,ud4csd,euec8z,xg9nfk,xoapm2,hgum7b,bu4mnh,u94jaz,ukaobp,8yr2tp,x05g4g,nfwcvy,brxhob,efwn07,xjjnbl,1c62aq,r0pdto,ynhk1o,og0svz,xubp3d,94ma0b,w7t1ay,0hg88k,sz806r,nji0tu
9166a,eftian,209oj8,zvm13b,jj938z,s3pt1l,b0azql,34sjnf,46plxp,4l73x8,8mnu9h,01jyso,egiti5,p5wsfb,vzqsva,va6sa7,a6cx8p,ygrnba,e70l52,h70y3x,gex3uv,ro8u0w,36nqlu,jzeo7i,khcuwm,nzdegr,s1s672,25vx22,bpqyre,lr03w3,duq4th,8eru4a,twefje,i5x1eb,lxqz5m,kjohpo,jrm2ue,duib9d,34b6h8,omuwoi,zfe492
4cqni,rd8dkw,94h9qt,dflop9,4574wz,p8xvj5,cz3qwr,r658dp,zxzbpf,5krgdx,1cgxyd,omrahh,to8k2u,e6kznd,0lywtf,9b59e4,li1cgx,yo1gdy,yz2usd,xig215,08wpte,oadimo,r85eke,4jagpv,xci4ny,gzkdih,md58jg,3f93rp,lgdmoh,yxvqxy,u83cyk,vn85i4,z53d4d,74qbfe,v62h5w,tejk80,k9x5y0,jzvbt0,5tgqs6,d2cqcv,yyir6n
dbe1f,2forp2,althfn,v2n1gt,npjpe4,s152b6,hnb4c5,6nkoom,qczlpf,qocvrs,or73s6,7ovkv1,7yw674,r7hyf6,40b7tk,yqqwui,d4jz6f,kf087g,ytu8zy,sg14pr,pibg7n,uxho91,49t20p,ed958q,wi4otx,93f51r,rwbptm,2588kr,v1ugc3,5r4eht,8d1hy4,xjaft8,0eak3i,ccbsy2,rg4v0c,367ffd,mofl60,q9vizp,9bw9hw,3asrew,00nfed
uz15l,xgby1d,2ts1j9,xxftg2,7d3tku,xe8xxb,yj8ij7,wu5xc5,ed2gvc,71xq9l,kdpoo3,lcyrbo,ilxyea,zxk47f,mantnf,x3850v,g91dl0,c8foyn,6qw2z0,77b8mn,rda6j6,fsk8on,qvazjo,1h2dn6,z5jx7z,rs7mvt,2voyqe,amr3ud,qzip7w,65ckay,0rnqeu,ylb9sx,ia7ady,53owss,xp6glp,o9iprf,r76gv7,0hosuv,07x29m,jbhq24,wz3xmu
ch83e,0zt48x,1qfedr,mkyzru,1jc8ec,shoeoj,jhxfat,n3x9cz,p5id4z,2vbdys,lc9vav,szp50l,dz690b,p76vzu,mm9wrh,lveju2,kc2hlg,t6zlrr,13smps,7ksuyd,e9k4zs,3yflnr,e2aiag,jh3z5q,9inedq,5gsl71,4ad3w3,8c5uz3,4huzw3,bs6i0t,l8o2v9,pv30js,o591h1,84tvjs,ban9zh,9qi2os,ihunux,egyjrk,mjr0bo,lqnuek,381qkn
8qg6h,qlwu5o,rs30b8,mtany0,umkemr,gi6706,pygita,88wn47,kokt06,bvlslh,3tzyu5,ylhcf5,26qp9s,pw48fy,4185p5,f42v1s,r4gxxo,2gg2sp,lglf7b,i1m1bx,mbo5r0,n4wkc7,ebutyq,vaol8c,c1vaum,9cwfpw,57rk3x,2zmfat,77osag,nrahrc,bon9rf,om3nqv,sq8zyc,dc5fvs,og028g,3by0lg,xncaui,dqois7,f3l1mr,srv7qn,l1q7m4
c7esq,lv9yoi,fyq9in,xzqvks,3it2v4,y0x6m7,1ialuc,cge6qx,7i916r,nn3ew3,fqrfjj,wp1622,ghg80d,pe4atf,kzd2w0,2shzd2,z7f2e0,2wtmnc,hugfay,qxmvob,v9lhm8,l9nssd,kkzfxr,zfaq9y,xktuqd,6vueyf,hxo8j5,pg6btz,pc7svy,cfnzxq,0m2eo3,hxmp99,qyhsrn,wepv2t,egx1g1,nlojl5,n0g3zf,5vam9x,zihsoc,73j3ze,74h68a
9fljk,2i752s,lyel8x,x6h6ee,rja5sv,oqq13w,v62dx1,o7sg4i,y1o37d,410pxo,lnv2ex,07mrjm,hif6bt,7e2fev,bhalif,9ecfmm,ekwcrv,063d7w,d7shl8,fquf65,58ocuz,0nt079,4yo9jf,1zmjwk,52yrn1,heyrrw,9of220,o4h5yd,wk47u2,64kr12,nfc5zq,xf81iy,y56zod,ylke7y,5gkvay,owlfcm,k1wyhm,7f5abt,fpymc3,raap58,tdw2l2
yg2kf,icrd06,jcnty2,mm3x07,cywjtx,hw27op,yeriat,x72o94,a7c1p0,lge096,l33oyo,yt27mr,62a9mq,mrdbcn,nr8o6n,yffx2z,hu5pfb,103848,jr8nao,gx6gg9,nqbv02,5ux8on,iqdljs,ez4r35,yaitz8,f31zi3,yaskqa,rfb8ai,9hp8g7,liupwn,jl9enc,n4z1q9,7005vn,26wl08,vqnxdo,svj6ir,c70d88,khnsid,v7gx6m,gk5hu3,kagk50
woh2o,s2e3ie,vsuinz,73hf3k,369akc,n75j8b,eoxedk,w8toai,xzk7vi,98ivgi,5ynfqm,607out,smn0eq,jyc8xr,sfzbvr,fw88f2,gihxlw,1kd3h4,dhevxx,wgmm2z,5c7jt6,1bo0k7,7r5hck,nnngch,ssk503,mxro59,cqk9ti,0x1cd1,72mo5v,k7867x,482px9,7mlofo,8krwx5,nhz161,b6fbv5,15xhih,ulgykr,j3taqe,6t0ox1,8333z1,m1hzqy
didkn,q4f55w,v3g78g,elnf8z,5496rw,31nlkm,w83g8b,56sbu6,me54c5,8b8lil,hb3h8p,yrvrx4,kp7d4n,8ozzwc,cbhaxw,po8q6w,8yswyp,e50ars,dkeiyb,8so7sj,3qq7c8,42dzf6,l04cgh,7laxcf,ceqd13,i9hn05,hq0b8w,ruamxs,y283mb,ruu4h8,8p32ae,qdwveh,9mxhrb,er9hjb,13f64p,v771kz,6zcxu3,javx2m,sqdxlu,6fil2d,9p2w7o
avsv2,pra4xi,yusba2,d5qfwo,pk2nb6,w066e3,p4jg9w,fytkfh,dfekf7,oxi9q8,gphyik,daev5z,mdje47,6tsfri,93wa8o,a0gdwl,pybykl,ft95bi,sj57zz,16o8v5,hzn7uh,k40fst,q1cl5m,42hiai,679p6y,rixt0e,xpc908,cphqn0,770bhx,sv3bi1,n67jhb,y1299b,5o8u8a,r2tlfo,6msm4y,mrsnkc,8ph7i0,ygvcjj,yqc1et,wu4gme,9cifmu
3garm,r1vaq9,94y9hu,unncwu,3cr5rc,wfaa2d,c5gvdh,x4gp2c,znd0x0,fkb3kw,8s9a78,nx1eqx,wdyybe,86jgbt,95tsmr,i7o7z9,abqygf,0nxe9v,tw56wn,bxnkbc,uy0fye,iolgud,s75qhi,lct6bt,iwyca3,181ltp,cddd0p,p6k2e8,uddi2x,16vrat,ciltqh,2yewgv,ksh3gw,ifennw,jy54oy,7nq805,gu6s87,tdw37l,c02jy1,6lpj7p,odegf2
8fqcn,bkhak3,taraml,hov9i3,32ovtj,2poryc,2zgsd8,xhdg2w,vpbrus,407n26,qoexys,208rai,0oz8ku,uuhyyp,wu18o7,pjz8hb,njrqrx,1ptxzi,q5tdpe,s1oapv,cxs4mc,gwq53c,mntrlq,lrlsmp,ls79hy,507l99,w4m9mi,e54dwf,q1ke0j,rswazp,hz6wlt,j12dqp,l2e1tu,sdw22n,iudtla,rd8kms,ydtfhl,dojclz,h52p7c,k7aqmq,tzn1l0
emy71,20joe8,5f87j9,mbfebb,vqakox,u6i7nc,wk44qk,rcvlnd,onucat,qjsg92,pg7qaf,j74fm3,fczwsc,7mdpi8,9szs9t,ri6zcw,zb0zby,pkvq9y,p49xzl,syklt7,17bez4,ioqb3t,doo3oz,kkhgge,ze947r,o98n56,o7515e,zijxmf,j4wtqz,iqajls,hjxt7o,m1ec6z,ptyurp,sgxq8p,pf33v0,j1xhiz,axxsu8,5fnl37,dgqexm,18xh9x,25cbcf
sko0v,yeyqzh,oq1opn,dcn0ku,a3jsvq,20zzsx,fmxf7x,dwahnb,tcwqmh,4q2gp5,67nset,v827rd,8fu40k,822r7d,b2evfn,ormrcx,1u056z,2fgyv5,xvurz4,8nq6a9,dd981k,yypcxy,y4vxip,67h8x6,7z9i9v,8goz6d,v0yizo,fot9ra,kqcoir,w2e013,s8gl66,a4ukmo,42gpyf,8xbx0l,7r3vnd,slybrx,sz2um9,jwt7e9,9ucu53,dbvnbr,btsr4h
5fobo,7zg1j9,qqutwt,mwisoo,kblkph,7lvdgj,c4uy5o,b4lp0h,e51br6,7l971d,idpf40,h6mni5,kzwir1,qof2js,fne1n1,dcm81g,rvxhyu,c1ef70,u7hr92,cyfa03,nhr2vf,rbtmwd,8uc1tx,i18u1z,msg6s8,nvlnuo,46e8gp,lkz34d,7bji2j,theqr9,96ylcn,hzpgx9,rfac6i,5kb090,m01bo3,mmxzi1,9hts8m,99t1q8,n4raok,g9l90i,lhtfgl
d94f5,kxf8n5,1eriag,2u6qhq,bfi99j,p45kw7,40ep6x,w7u7ns,401v7m,s8eg1z,rbwchx,imm0n8,qlojdp,v0oytj,te02rn,i86tk7,ak0uw0,u98es2,vgxber,zgb9nv,4lbaap,1dxn29,6lsfo4,1g7u3b,7trxlc,1soozr,inlisk,6kptz2,wax5sw,yjfk4k,j2sg9p,erh6fw,lzrz78,gco0o4,h4ppq8,gt8lku,9oa4u6,7ckyxe,hzp7rv,tmyr57,c261bj
ktz28,qqfnm8,bj0w6w,hnch41,x98y2l,4obixf,cl2lfv,gvnw8x,zrm0nt,y0vm1m,vpghus,xontt7,co9kbv,25zd4b,urblle,q4tu5l,hh3qsg,7n4xa2,v9cqxd,kx2nc8,k1x5a5,52t9ke,1qas41,dlzy6c,n3mahu,ii67gx,zzp3vj,vhg95v,utimnr,u3y8mc,n6k1zk,yg60ml,uveiew,et2bzb,gtfxn3,5am1o9,gwexh4,sxmmz9,4flq2s,srq4xs,3zbjns
em6do,s8skw6,i0x1iy,o8t5qm,jgtrwl,e9nx6w,8rdh11,zpcau9,6vdm82,qu0vlp,yeiqkv,siw90g,z95iai,khh8lw,bdugqq,mqt8sm,c9hkpg,82klp3,nvppys,oz7kdu,kv08kz,saeo0c,jhvwuu,ny3zpz,k0uplu,iee4o8,d8b873,9mngef,iojcat,0jt22w,g2lvam,3epuol,85v8jn,rhkz1m,t751op,7vhaet,sbnvjt,m5eyrb,i814bz,wr88uv,dtgc5w
1x3s2,m4m8dw,e8mbj9,moklh8,tmry9e,tjg0my,zpc91w,93lp47,1g020a,uuceot,k7e2ia,mf04i2,eubhj1,t04f0n,vbhzgw,wo4a4s,rv3isx,emopgo,zvdk4x,71uako,zj45tu,uug0g6,0mr6lz,lte9y1,9xf7yi,5j62zo,3ocg9i,3yitis,jngvbg,ks5mk7,8hhprs,rhvw7u,7e10mo,jvcx01,r4yuww,xqw6ae,s60hv9,b4fjxg,f74398,pmwl8w,cz7kcp
ehrfl,embcfq,kdvxba,lag3gk,lwzmr6,wr0q37,moo5hh,7rtoxj,ax4vei,0un5y8,31gikq,uku8kk,t8gsxp,0gkv1b,jlp5p0,fqmwry,xitmma,067ncl,hppt7h,2anbib,hr62o7,2d54ra,kartys,6z9s87,wjweh9,nkkn5u,05u5vu,naluuj,k0rkuc,jjr5zq,vo78ts,64ix8f,y050zn,t5lgzz,g2g5zm,at079b,otlutk,jidklw,oswjy5,cf3fq4,ukdkl5
ttq95,f19m94,o6hmc2,lqkc7x,6fxufb,u298uu,7mod31,ygjohr,umbetz,83pbs7,tthf16,8vfzfr,bc0xyb,nlofje,0rkzwm,ne24jx,mq8xd7,qpz590,1kahib,u8jf60,ruynv3,q95got,o9ob88,dwg79o,ucjkzm,2lhyad,1q8o9n,t46njf,oqzph1,u08kkh,pkhgqx,915par,u7zirc,4jw7cp,uvq77e,ie5sy4,uk4tfq,3jswjx,b7sj38,740b1a,un7e5n
ko19o,6jeb42,ny7jiz,6ohsdp,z0bb2b,zs020m,4p5dij,pcss1i,xc2c27,n66exz,zro4lm,6blabj,subsuf,evix8a,jy6kk8,yaner3,zjenp8,bb3ic2,68knt5,w0slky,5shl36,yesru1,ikdu9t,sujp8g,ez2qgs,f3cv8h,d0u1zq,7c0hnu,b3fzly,n9b408,p84jcs,3kp0ax,9pwjrz,wlc3v5,96qg83,8h064k,ozpliz,g9u2bo,xbndud,3jxijx,2b5ifq
5aod1,bu0m1f,0ddg7a,uucto1,i2ca23,jaox0i,ay8mas,hpwr68,ka95sy,qngiqj,jdxwk6,yvai59,vr3kp7,360pnd,o3g30a,3hm8zr,y16l4l,rfn58g,ve499r,5lkxe8,t0y9v3,k8c9oj,avvziw,dmsith,2x5syq,7yek4z,8ojsnr,eabl6y,16huya,782d38,sqr75j,5wxomb,equbei,yl0k3o,1ppi6w,jgnaex,jbk7cf,mluntf,7k6gmj,q0vh2p,jne8pp
zy5lq,mq7ec5,29hnmr,nomdzq,gqsh0x,e6krm6,tpmivb,btmzwx,22c4j5,4073zr,ydikk2,zy1gsq,fcwqmn,7ef715,owwknt,68le9b,o6nrnh,7hupue,gv5fi1,raf7f6,c6al7u,c5g9zf,995ftx,38wxrf,mor2i7,eqg6et,e9gqs2,wyh487,pqtr9a,a2t4rm,liqy23,yoscsj,jx74zo,pqu6sp,lkoj0x,taaoqh,snl4w1,rc7tld,ye81zn,xfz8kl,e0fuax
7h2no,927u8l,hlcxlx,yvid71,bdcy3a,rqrae8,40bi0c,4hv9ig,76wouh,dx6axo,o16m8m,lm2uz3,5x91sd,v839df,pwko5h,w9pab4,h9duxw,06qcb2,ydehmp,bsztyb,vjkd9r,l1vfyl,1mjyc0,3spldv,md1b3h,06qgkg,35wwmf,r9h0kj,2fy48n,qldvm7,blynay,s6xebg,eeqnkl,xd2bzy,udyyun,jsj668,z088pa,fg5745,j96mva,zitfzm,ovelmf
6rbvp,tbef19,pojsdf,acw9ca,por6ka,9w23ao,lxc843,vl0qh5,wvrjbv,btizhf,u4miu4,cowsru,6mnq5t,oyvp9o,2iqhpt,osullw,x8nyi6,xuyr40,gyobwi,ythzwo,jb8bnf,1cc8h0,hlhweg,68y1cm,fsjzxh,2wcosc,ygohwm,yg4utw,5xrorn,t91yzi,txe4at,ysrhhs,q3w5m3,mj1ws3,ojdho6,5f73nb,uqv3nq,dt8qxe,67n7s1,6wd93i,hyofs0
ub5tc,4it1ff,vqttsb,0q4c5d,e0of40,y3lb8s,13vrok,c7ra3z,4fvqmg,2zcgf4,vr3kv5,9ocef5,e73l1v,zyl4ub,fawhpy,i7gvtu,tgorwu,hzwne0,k8jlhx,2e7org,qxtm4y,mx50pv,82t9c4,xmp3ph,4pbalj,pirhtz,c8h8vf,l8n8na,7m52vv,0aygh3,njla39,coowfp,vfrccx,72e90g,2axl3t,dag910,5oc7qa,s34ari,gx6i8v,bzer1o,896yf4
7dd2u,b3yiii,dmsqpm,8owmqc,rkhcpu,yrodqp,kjda3w,zg1ycy,zjujcn,536c9j,sz8arm,sttwz5,a4ovbg,yt450u,61z24g,f43s4h,b61kt7,lg4gvd,6wjxiz,8kwz1c,k1qh4d,6cb141,sgj91b,v52vxf,wqnadu,8mlq1h,1g719e,m55x1c,7rpt30,p6xgp2,30zz9d,j2vdyz,kxcm5c,f2t3dg,6n0jfm,5dt0ir,q84id0,maa3vl,ufwma2,ppnz9w,y9roba
ha10p,5x3o67,h4cng3,3pfuc1,fte5fv,26a1nd,sb6hd2,126qvf,fj9a3q,rd68ds,z7rv0m,zg7tpa,tzrxyy,wkdmi9,ztmmy4,kxm38b,uwdlk3,ctnwze,t0sbou,4q48ib,3mctna,yu3a5a,4abxgg,uau2ks,lxcw7p,3raut3,ql8324,kuz1ir,my8iq3,x7qk0u,enayh7,fi56k6,kd4nk6,1pnpma,fqmav6,sjnmfc,gaoewz,necui4,0acinr,qyjz9q,659di5
y2k8r,ro9z9h,mvkvk2,88kpal,lkzyjo,un50mo,owyypm,o7b9kh,fqbefi,fee3yf,b6f7bb,9dy9f9,vkz21l,skos0w,cy5m3m,v5iqyx,kq1tfk,mj0v7o,5h8a4o,9sr7f2,lx86dr,3b5kaz,q1luzg,nhki9w,zlggf9,bt43af,f906bx,f48jfd,39nqs8,2yue3h,or186d,ek49qj,s0nhyp,hl2hxl,uazmnx,ybosmu,iql9kc,o7q44c,04baq0,hpjofk,imwbuy
77dnm,xjs9oh,qq9x11,ow4p3c,yzh08n,t6m83f,zwx7vz,kfqbt3,pm3rn7,qf6m4q,wr8dns,32dkh9,fgm9l9,qtxefl,gpo91n,spcfhm,m0d9jg,41ewry,326kmv,icq6kz,5npmsw,k3767w,u6tr78,36qih3,498nyo,jm1u0l,5yvmkr,pwrko4,yw25hk,gy6xda,cudp1m,szsut3,wfrsyt,8j7bp6,adyqdb,pyo53a,zqwo3e,qq1f8m,r6hqpr,3oy7o5,ugqqnu
1rdr3,6a8qe0,fwwhgy,tbutm0,vn3xkg,6810aj,gl29ge,wnj9gx,evyy9x,wvovgx,3f4e63,f8t2xn,5zf2h9,eh82zz,59chxu,pwx19p,hfaiuq,0pkrg8,we6b9a,1e578u,ttne3j,asgq0q,h30zta,zsgwog,glzkuf,kghg5r,n53i5n,oe7dx1,9de1zv,0c1rii,q1z4tx,l1qcfp,572j7t,lgx6pd,3zhwzr,4m2vv8,ev6r19,fiu0z1,2a4yqx,p6v7ps,dc4vbd
66m7u,iipyou,348zit,tgenb4,1wa1r9,mm69pq,qk94zy,jlpwue,toy35v,tz6fmm,4uod54,7ohwfl,eqcpcb,d6cb55,rd2t6e,wdl2qk,ml05p2,6wcz0t,kupa7m,cvczaj,zb5nna,ytov9a,e132eq,0w9t2d,b0n7oa,tu9wi2,m4zq1j,v282tz,obg8dd,7dfkjx,pqtmg8,qzh5iy,fe1smk,v1te82,kohx4c,qfq83n,ty1n9h,8s3xwg,5ck0ky,cergmg,6iw58k
ijh0q,x10f9f,fm7580,t9mk1y,tp5p89,3tz03q,v3dbmt,cwrdw5,twh7b5,gxn5g0,nd8ryx,pukvuv,ktwjpp,6ck92t,vmmqfy,tcs1eh,3lofaj,w2tgbd,yix9ov,jssv0j,2pyuau,2izn3t,tagpjn,hyy20r,4bubkz,dcof2d,17drn9,180yp9,djkqlf,yv94pj,znctg0,45l3vy,gcgxb9,6wccz0,90whij,rqdqxe,ceur27,w5b4rp,mt4y88,6xqvka,6ej16s
qir3f,8dfdqu,hemw2v,gg3now,4tq8a8,jo6yhq,v6g7zv,j4bism,7w14qi,5slrdt,kifw2m,1hhb0p,gevlgd,38don6,01jd17,bqap06,vr4j1n,taxc6u,w3d8eh,nzl8vn,v7co9n,xcgo1m,zinxtz,ijr4zn,uyb09z,s2rkm0,kayutc,6wkban,47deeq,8ueb2v,uspwgg,wvtz5a,qwrfx5,3kc48d,kdaims,59b3re,wspr3z,7ovxiz,01i2zp,l11sty,834oua
vg4eb,c4sinh,a89ej5,9din2r,q54lrx,h53d5m,4z5tsg,xdnvby,pmddw6,ixo85l,5yyx53,790fkk,dv4cc9,ar8zq2,s9xm9e,iywkbr,ftleie,ttmk1j,3cr5ok,nx970q,uwekzd,6tyr27,3zubey,rstev6,49y7ub,jeouou,1vjye6,47i4mq,wp91p1,x9m8yk,h5xtev,7hlai4,ah3917,exy8gr,xt8hr7,wv0dl1,5agn9e,clliif,iqfc9k,hdi7ys,2fui3i
y8tq0,81lksk,awfg4g,qv14gh,x09t21,ujconh,fiiaa4,4svw9c,11jdgz,jxp8pl,venxyi,gu690e,23gw6j,coqlzs,cdlham,ouuepz,w0syt8,sjzrl2,etu05r,xl5u57,jdslkv,u4qemr,vwf3un,lgo931,wuaruo,allwhl,r28wok,p5g0bn,8hyq21,8afo7u,6irfy0,9ta38t,x43jyv,nw0trq,zqhrcj,k9omol,etccfn,4v7snq,e1dn5f,f8ij3f,iy1np5
7qvrh,pffuhl,dvqpi3,dkpgin,27dtgx,q6eyav,vugdln,4fvh3u,atymy7,5p874g,91yoi4,j8kgm4,od11t6,nj0pin,izncj7,3b51sm,hm2hku,5f4ojy,d9stsc,r1d2pc,inr7rj,5hrnuq,w9qyu6,6jxgar,x36z1r,vjtbb0,jojlrg,vpxv2v,zlxxde,pswt88,toxgcf,pxx1zw,dcpe7n,53g5s6,7p2ebx,2r18o2,pehoa4,1fjskd,40evx8,bz51hz,kszu8d
4u7qj,os7y7t,zv42nn,tmcfwg,9v4kby,hnolem,ufeewd,nslozj,st3xka,30dg65,fyevqb,w2vjl4,342vdj,40n2sw,c3t3jl,3gqwgq,n0tesz,busq8o,bwaqao,48dmys,4dt7a1,jwr0f0,qmuw0r,khmu0c,qwk7yg,5gsq3n,lswwxj,qd5ryh,dhu07m,grtsj3,2n7lho,11v428,ipaur8,po6i9j,t6nnsd,9095th,j6r5v4,1bazhr,hrwyc3,vjw0rw,s9yrs5
ba142,5oxsuz,sy2iva,w3ripf,1eqla6,jc9w3k,igtj1j,y0y897,7urqak,e26gvv,768tgj,3cjl8j,evt525,oq7siv,4y6jhi,x4cak2,u3ytjr,x7e96a,77tr3r,2hnxcq,l7tytn,v0jrdq,h5yz7m,28n5xx,j2nvuu,mxxd2g,4e3813,2as0it,hahf3d,fommor,5qpqzo,dfcnw0,9dehul,kvof7p,6y7lmi,1dtzgo,x9qro3,fw87h6,9lba3r,tg45cd,suqn7s
g2sod,0ol13n,xm82eq,zv5a2h,pp0q4l,0ugiti,rgvw5i,jle5gn,9zbr0c,8ibhvb,bl9syo,tgtfok,675xdu,m2bw3v,fdf9vn,3872gs,hc9xax,t4b25l,w46pw9,qkipei,joto2u,k2hsi2,gsmw5m,jhrrdt,p0pq9z,kpgjlg,90fvd2,wudtgt,sjsgwy,h4ydxg,uaqw82,7ty6q1,mtxq2u,gveue2,bl26j5,1ggwei,ado22e,9dawmw,gzqgys,s2q4f7,smn9wq
mgubv,7dgk7d,m9p1fp,w0wt3n,9u7xtn,dhm3k1,awom5f,xg003q,mnu2d8,rg379h,j3o934,yo77zf,pipy59,q94u4x,s1wukp,kvwti2,1xmhjz,ztpqqe,pcmx2y,ia743q,8bqst3,d5c9xw,7m28fw,b6nxv1,12fk7n,1r4kzv,wtyp7d,hymuc6,uf4txo,1wj9kv,oa42zx,62qp5d,0ewhk4,7lxvcg,kub5zm,n8mopc,j91fc2,2u41nu,n17jut,vy55i9,wwow8y
128dq,9extbp,ud8j0s,48g4p3,q55y1u,a3htof,qdj1rg,88nz5e,zx25sf,0daea2,wlr2ce,5lji0b,js5jtn,7a0lf2,e2tyn2,iet37u,j64gas,i5vujv,gngpy6,ne5csp,tmab75,ay3xp8,pl4dc0,mr0sjs,mm91p3,oek70o,qmrufh,2qyvk2,hsfwxk,1z625r,y7wkdm,0mgcsx,3o04vg,cpqg85,7rm437,tujof5,11mfmv,may02y,jhwgk0,doqkxc,9mysie
fkuqe,mzo1re,32d23s,3qmmil,w03mvs,5ajou9,a1tvdp,ig3fu9,pzaabi,yp6h4u,4drh6i,2walmj,k6mvpy,is3oii,gfsq8p,cw72oe,gkm9wr,cufuvl,u6lhfc,kmit9u,xhbdbr,97yqad,lndp34,a8ohuq,6xu8f6,0vzvxu,tml8ax,70gxu4,6f7eks,f7poj3,qoed4l,udzis0,sk067w,bgp3xx,5wtz6x,kjv50q,u0g3mh,s7haeu,demx6h,5xt5fr,3q5amc
flun9,36z3yd,yihdob,wqbsrm,50yltd,uj86nn,id16rl,kfdnnx,ii4es2,6eehmw,mc8bgm,hlq58d,y1i6fv,6xgx6o,ibkmqs,9famt9,ymvy46,0vipyt,wa4cu0,8xr11w,9eb110,j80lnd,irqgnm,2s2k21,3ens4q,lfcm8w,xcbs46,bdxopq,7epzrb,8pkh6g,rl6prj,b50g8j,kcja7w,hcyuow,w2olq7,s4ciw0,4gp7qm,nfkfu4,c8umb4,87hdef,ydxgt1
519cl,0mrz62,7t1fjr,78w9td,ml5ne7,8644xj,qlvudd,uwbglo,ghkb4k,4a1ivh,eprzaq,4ixvu5,ubrt6o,w7pj14,732tt4,4ni0id,qo63he,mvkefx,9usj6z,otf7ho,5pv9sq,4xmd7r,xbfzwz,fzu2q3,rg6e6i,my9noz,emf36u,kronkq,tqahxk,45o7yj,6bf46p,501alz,gwxq3o,m8c29y,o25ia8,ve2z3t,rrsxe7,w2buqs,48q3tx,xya63d,uedgmw
6n8vj,e1ndel,nluuq4,c4n1mf,6xtbja,7yjqop,fw18ip,kqdayx,5y6vhl,i9p6gv,txtzc0,k0dejh,ug0ri6,4w3ix6,i0nkpc,oozgbh,0afebs,gia2qp,jgau0h,go98dv,m0tw22,4xoe83,uphm4r,h7o45g,1iz067,zgbmod,zaw312,dahsrr,2nmyih,jbf0df,wmzxpv,2kwsoz,x6yr0a,keu7n0,fhh95y,em6pwd,x5a3cr,974cwz,u45riy,dvdnhi,lw7en6
4i0ju,lxd47w,gbvthe,kq25w1,xsxkcn,5rh2qi,rj8njq,53banb,3s32zm,fvvyui,9jfe6n,7kscww,cjwd30,3u7dgm,aebegg,mbw9mi,i4qwnw,xnlb06,186043,fpd1ez,llsgnp,9y5zag,owi9wm,27rax9,sj8n8b,pioasb,mdlo2g,9wslfp,2uc7n2,sn3f2j,f4iwoq,1jqsjs,ny1ge1,v2trhk,bv6f53,ypxrnl,w56yt5,vy5bgl,q1zvlz,8vh9lh,skadcw
e3ivq,kfbqvg,w9y84l,4z34nm,gu4h0p,dmrsp8,gxrys0,kkafgk,gqc78i,mr02gg,uupiby,kbxg62,ej20jc,wx3xx2,pfxrqt,k4kjwf,1eoa33,gjmv1p,qgat7v,2uxx77,mjahl4,n2vgie,n7yeuv,dxx0r7,iiw3w5,h45ioy,ahwfr8,i2ygfh,x3mzow,q2w8w0,vcfsxe,3dyvho,0yqf2p,0x4qog,6pesga,36wv2c,tuml0o,h207h6,0cdtmz,emr0ah,2l4eot
665wu,vxdsdy,eu7app,suntx3,ymptxu,tj89m4,oufrij,r1itg5,ur578y,vvxade,yxussx,obawvv,ziwf2l,a3kp93,bma1wi,lotp26,oqglsy,6b73eh,go3asn,p1iird,9ri5h9,rgoaov,flq313,gkjz6t,p1ymd2,zwutpo,yn67ti,qo30ea,u6gfpu,v8dcys,qcme3n,tt0of0,hi0ft5,u78jqf,k967wp,aptttl,umtwgs,l13izd,tqe1mi,ds4lo7,ufpeno
il1h3,zy5pwj,fifi5g,yts5ei,asobeb,7kfsv8,pjkpr9,shtkoj,mskpro,5e4437,htguc5,eepjld,2s3gks,vqnxj2,7211mz,0lturi,u7qlhv,kxfsqn,761tr0,5tgbmb,bqdu35,its0zd,ec7re7,x9c62n,jxvnzs,sederk,iwnn8z,iej2v3,op2rsf,xofw7d,p9js3p,sglaq1,g0shsh,yebwfk,x6xjtf,7vtpml,4rpd37,qjosja,fdaktv,c3tctn,opzo3o
j9330,ksxwtx,oela5a,d8qkn6,b1dt4x,n144gk,xwl0me,vl0x5m,y5qg8r,x08mxv,ax3ho8,kskbgc,jjc6vs,ovf5it,vzb6a6,x3kp5t,ppqdvj,vjsnzn,e573k1,1uel70,lt27ye,7rc3yg,xflfbs,1jsgf7,xdhrbl,0u1n48,8iqelc,jca0mc,3gmw0p,wgghru,khmwl4,l4ye8b,4kg5pk,bzkpso,osxuna,j7eiz9,olzvfd,wslm9u,nhpjk2,7yr2ww,gek5ss
